Tipologia anagrafica (Inserire F o G);Titolo;Nome;Cognome;Tipo ditta;Ragione sociale;Codice fiscale;Partita iva;Email PEC;Email Ordinaria;Telefono;Cellulare;FAX;via;Numero civico;CAP;Citt�;Provincia
F;Sig.ra;Maria;Violini;;;RSSMRA80A42A662J;;test@pec.it;email@gmail.com;;;0835401212123;via Roma;55;70124;Bari;BA
G;;;;;Rossini SRL;RSSMRA80A42A662J;86334519757;test@pec.it;2email@gmail.com;801212123;;0835401212123;via marco partipilo;55;70124;BARI;BA
f;Sig.ra;Mariella;Giallini;;;ERRRSSMRA80A42A662J;;test@pec.it;3email@gmail.com;801212123;3333333333;0835401212123;via como;A1;70124;BARI;BA
G;;;;Autonomo;Bianchini SRL;;86334519757;test1@pec.it;1email@gmail.com;801212123;;0835401212123;via marcchetti;A2;70124;BARI;BA
;;;;Associato;Comune SRL;;86334519757;test2@pec.it;1email@gmail.com;801212123;;0835401212123;vico 1 zanardelli;A3;70124;BARI;BA
G;;;;;Rossi e figli;;86334519757;test3@pec.it;1email@gmail.com;801212123;;0801212123;vico 2;A4;70124;BARI;BA
F;Sig.ra;Veronica;Corallo;;;RSSMRA80A42A662J;;test@pec.it;email@gmail.com;;;0801212124;via Roma;55;70124;Bari;BA
G;;;;;Rossini SRL;;86334519757;test@pec.it;2email@gmail.com;801212123;;0801212125;via marco partipilo;55;70124;BARI;BA
f;Sig.ra;Nadia;Bianchi;;;RSSMRA80A42A662J;;test@pec.it;3email@gmail.com;801212123;3333333333;0801212126;via como;A1;70124;BARI;BA
G;;;;Autonomo;Bianchini SRL2;;86334519757;test1@pec.it;1email@gmail.com;801212123;;0801212127;via marcchetti;A2;70124;BARI;BA
;;;;Associato;Comune SRL2;;86334519757;test2@pec.it;1email@gmail.com;801212123;;0801212128;vico 1 zanardelli;A3;70124;BARI;BA
G;;;;;Rossi e figli2;;86334519757;test3@pec.it;1email@gmail.com;801212123;;0801212129;vico 2;A4;70124;BARI;BA
